mem_state	run	duration
Normal	1	39123.00088
Normal	2	39230.95389
Normal	3	39226.55989
Moderate	1	39186.83797
Moderate	2	39028.42234
Moderate	3	39388.73722